"condition","n","m1_qac_pct","m2_trust","m3_save","m3_click_pct"
"L1E1I1",4,50,5.125,2.5,25
"L1E1I2",4,50,4.9375,3.75,50
"L1E2I1",5,80,4.4,4.4,80
"L1E2I2",5,60,4.5,4.6,100
"L2E1I1",4,75,5.25,4.25,75
"L2E1I2",5,80,5.25,2.8,20
"L2E2I1",3,33.3333333333333,3.58333333333333,3.66666666666667,33.3333333333333
"L2E2I2",5,20,4.05,6,60
